Datetime,Water Level (m)
2025-08-31 06:00:00,-0.046577614
2025-08-31 07:00:00,0.07611243
2025-08-31 08:00:00,0.31445086
2025-08-31 09:00:00,0.5171171
2025-08-31 10:00:00,0.70031226
2025-08-31 11:00:00,0.81738156
2025-08-31 12:00:00,0.8144545
2025-08-31 13:00:00,0.64617956
2025-08-31 14:00:00,0.42484114
2025-08-31 15:00:00,0.2371077
2025-08-31 16:00:00,0.080619454
2025-08-31 17:00:00,-0.03886329
2025-08-31 18:00:00,-0.102632135
2025-08-31 19:00:00,-0.041936006
2025-08-31 20:00:00,0.2077943
2025-08-31 21:00:00,0.4357658
2025-08-31 22:00:00,0.6273536
2025-08-31 23:00:00,0.7599552
2025-09-01 00:00:00,0.8294459
2025-09-01 01:00:00,0.82250583
2025-09-01 02:00:00,0.72762954
2025-09-01 03:00:00,0.5736194
2025-09-01 04:00:00,0.42481288
2025-09-01 05:00:00,0.30341926
2025-09-01 06:00:00,0.21535264
2025-09-01 07:00:00,0.17087859
2025-09-01 08:00:00,0.2174432
2025-09-01 09:00:00,0.38925633
2025-09-01 10:00:00,0.5497227
2025-09-01 11:00:00,0.67392164
2025-09-01 12:00:00,0.73623216
2025-09-01 13:00:00,0.7039302
2025-09-01 14:00:00,0.5813839
2025-09-01 15:00:00,0.44609788
2025-09-01 16:00:00,0.32212925
2025-09-01 17:00:00,0.22031897
2025-09-01 18:00:00,0.14977302
2025-09-01 19:00:00,0.1177558
2025-09-01 20:00:00,0.1503799
2025-09-01 21:00:00,0.31501612
2025-09-01 22:00:00,0.55255216
2025-09-01 23:00:00,0.7790425
2025-09-02 00:00:00,0.9765939
2025-09-02 01:00:00,1.1302346
2025-09-02 02:00:00,1.1993986
2025-09-02 03:00:00,1.1531252
2025-09-02 04:00:00,1.0245208
2025-09-02 05:00:00,0.8910795
2025-09-02 06:00:00,0.7808241
2025-09-02 07:00:00,0.6782109
2025-09-02 08:00:00,0.59499663
2025-09-02 09:00:00,0.55340755
2025-09-02 10:00:00,0.5698232
2025-09-02 11:00:00,0.66195107
2025-09-02 12:00:00,0.8021727
2025-09-02 13:00:00,0.9348279
2025-09-02 14:00:00,1.0223578
2025-09-02 15:00:00,1.0291158
2025-09-02 16:00:00,0.9481137
2025-09-02 17:00:00,0.8328466
2025-09-02 18:00:00,0.72523993
2025-09-02 19:00:00,0.62193215
2025-09-02 20:00:00,0.5259285
2025-09-02 21:00:00,0.44735917
2025-09-02 22:00:00,0.4252048
2025-09-02 23:00:00,0.5113307
2025-09-03 00:00:00,0.73784816
2025-09-03 01:00:00,0.9962376
2025-09-03 02:00:00,1.2318099
2025-09-03 03:00:00,1.3830205
2025-09-03 04:00:00,1.4266219
2025-09-03 05:00:00,1.3655666
2025-09-03 06:00:00,1.2100855
2025-09-03 07:00:00,1.0400543
2025-09-03 08:00:00,0.8791774
2025-09-03 09:00:00,0.736516
2025-09-03 10:00:00,0.618636
2025-09-03 11:00:00,0.540097
2025-09-03 12:00:00,0.53092164
2025-09-03 13:00:00,0.66087794
2025-09-03 14:00:00,0.8985676
2025-09-03 15:00:00,1.087238
2025-09-03 16:00:00,1.181097
2025-09-03 17:00:00,1.1303326
2025-09-03 18:00:00,0.9581779
2025-09-03 19:00:00,0.7793609
2025-09-03 20:00:00,0.6057086
2025-09-03 21:00:00,0.44698596
2025-09-03 22:00:00,0.31242526
2025-09-03 23:00:00,0.2246901
2025-09-04 00:00:00,0.23704661
2025-09-04 01:00:00,0.5362151
2025-09-04 02:00:00,0.8855852
2025-09-04 03:00:00,1.1849983
2025-09-04 04:00:00,1.3815954
2025-09-04 05:00:00,1.4357983
2025-09-04 06:00:00,1.3136058
2025-09-04 07:00:00,1.0702301
2025-09-04 08:00:00,0.8385629
2025-09-04 09:00:00,0.634674
2025-09-04 10:00:00,0.4563276
2025-09-04 11:00:00,0.30980915
2025-09-04 12:00:00,0.20701854
2025-09-04 13:00:00,0.1924151
2025-09-04 14:00:00,0.5124395
2025-09-04 15:00:00,0.86661124
2025-09-04 16:00:00,1.1186571
2025-09-04 17:00:00,1.2506665
2025-09-04 18:00:00,1.1977223
2025-09-04 19:00:00,0.96541065
2025-09-04 20:00:00,0.72945
2025-09-04 21:00:00,0.51748323
2025-09-04 22:00:00,0.33467856
2025-09-04 23:00:00,0.18586385
2025-09-05 00:00:00,0.06819162
2025-09-05 01:00:00,0.053579595
2025-09-05 02:00:00,0.4324458
2025-09-05 03:00:00,0.84890777
2025-09-05 04:00:00,1.2049156
2025-09-05 05:00:00,1.443814
2025-09-05 06:00:00,1.5048528
2025-09-05 07:00:00,1.3140583
2025-09-05 08:00:00,1.018875
2025-09-05 09:00:00,0.7629753
2025-09-05 10:00:00,0.541645
2025-09-05 11:00:00,0.35516372
2025-09-05 12:00:00,0.20271249
2025-09-05 13:00:00,0.08446844
2025-09-05 14:00:00,0.09933889
2025-09-05 15:00:00,0.56801116
2025-09-05 16:00:00,0.948101
2025-09-05 17:00:00,1.2375897
2025-09-05 18:00:00,1.3705224
2025-09-05 19:00:00,1.2518643
2025-09-05 20:00:00,0.96080685
2025-09-05 21:00:00,0.70191014
2025-09-05 22:00:00,0.47596756
2025-09-05 23:00:00,0.28615993
2025-09-06 00:00:00,0.12415406
2025-09-06 01:00:00,-0.007946652
2025-09-06 02:00:00,-0.013294847
2025-09-06 03:00:00,0.49020416
2025-09-06 04:00:00,0.94662035
2025-09-06 05:00:00,1.3382417
2025-09-06 06:00:00,1.5706204
